{
    "latent_distance": [
        6066.52978515625,
        179.16738891601562
    ],
    "cluster_overlap": [
        0.0,
        0.07268285751342773
    ],
    "ssim": [
        0.9997030817890167,
        0.9957565225486755
    ]
}