{
    "latent_distance": {
        "pre": 6066.52978515625,
        "post": 179.16738891601562,
        "improvement_%": 97.04662322998047
    },
    "cluster_overlap": {
        "pre": 0.0,
        "post": 0.07268285751342773,
        "improvement_%": 0
    },
    "ssim": {
        "pre": 0.9997030817890167,
        "post": 0.9957565225486755,
        "improvement_%": 0.39477313936840075
    }
}