Metric,real_mean,synthetic_mean,t_p_value,ks_p_value
mean_k,0.17169081345200535,0.08917245740980599,2.393646253487618e-16,4.187719958755575e-06
mean_dp/dy,0.00040778680267971495,0.007770421855646145,9.588102089656668e-21,0.00019365000643648103
flowrate,0.0008167115563991851,0.015536737429743307,9.586124053066498e-21,0.00019365000643648103
porosity,0.42786712646484376,0.10545230835907218,6.833086638987893e-23,1.334509160425547e-23
anisotropy,1.0027403742074967,1.0012080521546594,0.5653358006148801,0.06088897084915661
