Metric,real_mean,synthetic_mean,t_p_value,ks_p_value
mean_k,0.17169081345200535,0.08824934525949545,1.2620332455218605e-16,7.246734409752799e-06
mean_dp/dy,0.00040756880043768496,0.007770666966301359,9.506006704868981e-21,0.00019365000643648103
flowrate,0.0008169056527548851,0.015538050979014817,9.560364102984736e-21,0.00019365000643648103
porosity,0.42786712646484376,0.09743647612342539,2.4951201441105942e-20,6.354805525835939e-25
anisotropy,1.0043219715356826,1.0001794284628343,0.10714511241803874,0.02667167968244655
